name,modeled_seq_len,folder,num_conformations
4ue8B,38,./datasets/ATLAS/4ue8B,1001
3tvjI,38,./datasets/ATLAS/3tvjI,1001
3a1gB,40,./datasets/ATLAS/3a1gB,1001
2erlA,40,./datasets/ATLAS/2erlA,1001
5w5cA,40,./datasets/ATLAS/5w5cA,1001
4jnuB,40,./datasets/ATLAS/4jnuB,1001
1fd3A,41,./datasets/ATLAS/1fd3A,1001
3vejB,41,./datasets/ATLAS/3vejB,1001
1j8eA,44,./datasets/ATLAS/1j8eA,1001
3l32A,45,./datasets/ATLAS/3l32A,1001
1ab1A,46,./datasets/ATLAS/1ab1A,1001
4j8cA,46,./datasets/ATLAS/4j8cA,1001
5exhC,47,./datasets/ATLAS/5exhC,1001
2z7fI,50,./datasets/ATLAS/2z7fI,1001
1ptqA,50,./datasets/ATLAS/1ptqA,1001
3im3A,50,./datasets/ATLAS/3im3A,1001
2wqiD,51,./datasets/ATLAS/2wqiD,1001
2xf7A,51,./datasets/ATLAS/2xf7A,1001
2gkrI,51,./datasets/ATLAS/2gkrI,1001
2hbaA,52,./datasets/ATLAS/2hbaA,1001
2b9dA,52,./datasets/ATLAS/2b9dA,1001
3kz5E,52,./datasets/ATLAS/3kz5E,1001
1tgrA,52,./datasets/ATLAS/1tgrA,1001
1fs1A,53,./datasets/ATLAS/1fs1A,1001
1nh2B,53,./datasets/ATLAS/1nh2B,1001
1bq8A,54,./datasets/ATLAS/1bq8A,1001
4jquB,54,./datasets/ATLAS/4jquB,1001
5kkoD,55,./datasets/ATLAS/5kkoD,1001
1bx7A,55,./datasets/ATLAS/1bx7A,1001
3zoqC,56,./datasets/ATLAS/3zoqC,1001
3mmyD,56,./datasets/ATLAS/3mmyD,1001
4e5rA,56,./datasets/ATLAS/4e5rA,1001
4aqrD,57,./datasets/ATLAS/4aqrD,1001
1kntA,58,./datasets/ATLAS/1kntA,1001
3mcbB,58,./datasets/ATLAS/3mcbB,1001
2y20A,58,./datasets/ATLAS/2y20A,1001
4npdA,58,./datasets/ATLAS/4npdA,1001
2fmaA,59,./datasets/ATLAS/2fmaA,1001
3lpeB,59,./datasets/ATLAS/3lpeB,1001
1bxyA,60,./datasets/ATLAS/1bxyA,1001
4xo1A,60,./datasets/ATLAS/4xo1A,1001
1uptD,60,./datasets/ATLAS/1uptD,1001
1l2pA,61,./datasets/ATLAS/1l2pA,1001
3shgB,61,./datasets/ATLAS/3shgB,1001
4e1pA,61,./datasets/ATLAS/4e1pA,1001
1dtdB,61,./datasets/ATLAS/1dtdB,1001
1i2tA,61,./datasets/ATLAS/1i2tA,1001
1z7kB,62,./datasets/ATLAS/1z7kB,1001
3c05A,62,./datasets/ATLAS/3c05A,1001
3pf6A,62,./datasets/ATLAS/3pf6A,1001
5e5yC,63,./datasets/ATLAS/5e5yC,1001
2btiA,63,./datasets/ATLAS/2btiA,1001
2xeuA,64,./datasets/ATLAS/2xeuA,1001
2oxlB,64,./datasets/ATLAS/2oxlB,1001
2db7A,64,./datasets/ATLAS/2db7A,1001
1uoyA,64,./datasets/ATLAS/1uoyA,1001
5i8jA,64,./datasets/ATLAS/5i8jA,1001
2f60K,64,./datasets/ATLAS/2f60K,1001
1ojhC,65,./datasets/ATLAS/1ojhC,1001
2p58A,65,./datasets/ATLAS/2p58A,1001
3zr8X,65,./datasets/ATLAS/3zr8X,1001
2pw8I,65,./datasets/ATLAS/2pw8I,1001
3ka5A,65,./datasets/ATLAS/3ka5A,1001
2xz2A,66,./datasets/ATLAS/2xz2A,1001
1pcfC,66,./datasets/ATLAS/1pcfC,1001
1yu5X,67,./datasets/ATLAS/1yu5X,1001
3zrgB,67,./datasets/ATLAS/3zrgB,1001
2rjwA,67,./datasets/ATLAS/2rjwA,1001
2yztA,67,./datasets/ATLAS/2yztA,1001
4h4nA,67,./datasets/ATLAS/4h4nA,1001
6c62C,68,./datasets/ATLAS/6c62C,1001
1vbwA,68,./datasets/ATLAS/1vbwA,1001
2j7zA,68,./datasets/ATLAS/2j7zA,1001
4qx8B,68,./datasets/ATLAS/4qx8B,1001
1l2wI,69,./datasets/ATLAS/1l2wI,1001
5b1nA,69,./datasets/ATLAS/5b1nA,1001
5l87A,69,./datasets/ATLAS/5l87A,1001
2e6xA,69,./datasets/ATLAS/2e6xA,1001
1q2hA,69,./datasets/ATLAS/1q2hA,1001
4f98A,69,./datasets/ATLAS/4f98A,1001
2ad6D,69,./datasets/ATLAS/2ad6D,1001
4eo1A,70,./datasets/ATLAS/4eo1A,1001
1whzA,70,./datasets/ATLAS/1whzA,1001
3d2qA,70,./datasets/ATLAS/3d2qA,1001
1j2lA,70,./datasets/ATLAS/1j2lA,1001
1utgA,70,./datasets/ATLAS/1utgA,1001
3ghdA,70,./datasets/ATLAS/3ghdA,1001
2g7oA,70,./datasets/ATLAS/2g7oA,1001
1h02B,70,./datasets/ATLAS/1h02B,1001
3ipfA,71,./datasets/ATLAS/3ipfA,1001
3dgpB,71,./datasets/ATLAS/3dgpB,1001
4zmkA,71,./datasets/ATLAS/4zmkA,1001
2b97A,71,./datasets/ATLAS/2b97A,1001
3cjsB,72,./datasets/ATLAS/3cjsB,1001
1wq6A,72,./datasets/ATLAS/1wq6A,1001
4f87A,72,./datasets/ATLAS/4f87A,1001
3zdmA,72,./datasets/ATLAS/3zdmA,1001
2w8xA,72,./datasets/ATLAS/2w8xA,1001
1ailA,73,./datasets/ATLAS/1ailA,1001
4rgiA,73,./datasets/ATLAS/4rgiA,1001
1ctfA,74,./datasets/ATLAS/1ctfA,1001
1ok0A,74,./datasets/ATLAS/1ok0A,1001
1l9lA,74,./datasets/ATLAS/1l9lA,1001
1hc9B,74,./datasets/ATLAS/1hc9B,1001
2pstX,74,./datasets/ATLAS/2pstX,1001
5b5iB,74,./datasets/ATLAS/5b5iB,1001
3dsoA,74,./datasets/ATLAS/3dsoA,1001
5nirA,74,./datasets/ATLAS/5nirA,1001
5h1nB,74,./datasets/ATLAS/5h1nB,1001
5um3A,75,./datasets/ATLAS/5um3A,1001
5jx1A,75,./datasets/ATLAS/5jx1A,1001
5yghA,76,./datasets/ATLAS/5yghA,1001
3u5vA,76,./datasets/ATLAS/3u5vA,1001
1xg0A,76,./datasets/ATLAS/1xg0A,1001
4o66D,76,./datasets/ATLAS/4o66D,1001
3g28A,77,./datasets/ATLAS/3g28A,1001
1egwB,77,./datasets/ATLAS/1egwB,1001
4zyaA,77,./datasets/ATLAS/4zyaA,1001
1t8kA,77,./datasets/ATLAS/1t8kA,1001
1vccA,77,./datasets/ATLAS/1vccA,1001
3kdeC,77,./datasets/ATLAS/3kdeC,1001
4ksnC,78,./datasets/ATLAS/4ksnC,1001
3ig9C,78,./datasets/ATLAS/3ig9C,1001
4iajB,78,./datasets/ATLAS/4iajB,1001
5k6dB,78,./datasets/ATLAS/5k6dB,1001
1y0nA,78,./datasets/ATLAS/1y0nA,1001
1xmkA,79,./datasets/ATLAS/1xmkA,1001
1pbyC,79,./datasets/ATLAS/1pbyC,1001
2zfzD,79,./datasets/ATLAS/2zfzD,1001
1wqjB,80,./datasets/ATLAS/1wqjB,1001
3bqpB,80,./datasets/ATLAS/3bqpB,1001
2dlbA,80,./datasets/ATLAS/2dlbA,1001
3a1gA,80,./datasets/ATLAS/3a1gA,1001
1zt5A,80,./datasets/ATLAS/1zt5A,1001
3bpjB,80,./datasets/ATLAS/3bpjB,1001
3t4rA,81,./datasets/ATLAS/3t4rA,1001
3nrlB,81,./datasets/ATLAS/3nrlB,1001
4gipA,81,./datasets/ATLAS/4gipA,1001
4ytwC,81,./datasets/ATLAS/4ytwC,1001
2hnuA,81,./datasets/ATLAS/2hnuA,1001
3laeA,81,./datasets/ATLAS/3laeA,1001
5j2lB,81,./datasets/ATLAS/5j2lB,1001
1uhaA,82,./datasets/ATLAS/1uhaA,1001
3fblA,82,./datasets/ATLAS/3fblA,1001
3nisB,82,./datasets/ATLAS/3nisB,1001
3bzlD,83,./datasets/ATLAS/3bzlD,1001
2i5uA,83,./datasets/ATLAS/2i5uA,1001
3a39A,83,./datasets/ATLAS/3a39A,1001
2bw3B,84,./datasets/ATLAS/2bw3B,1001
1w53A,84,./datasets/ATLAS/1w53A,1001
2a6sB,84,./datasets/ATLAS/2a6sB,1001
2rjiA,84,./datasets/ATLAS/2rjiA,1001
3pesA,85,./datasets/ATLAS/3pesA,1001
3ov5A,85,./datasets/ATLAS/3ov5A,1001
5by8B,85,./datasets/ATLAS/5by8B,1001
3v3lA,85,./datasets/ATLAS/3v3lA,1001
4myyA,85,./datasets/ATLAS/4myyA,1001
1f9pA,85,./datasets/ATLAS/1f9pA,1001
3hglA,85,./datasets/ATLAS/3hglA,1001
4v1gB,86,./datasets/ATLAS/4v1gB,1001
2i9xA,87,./datasets/ATLAS/2i9xA,1001
3tbnA,87,./datasets/ATLAS/3tbnA,1001
3jtzA,88,./datasets/ATLAS/3jtzA,1001
1krnA,88,./datasets/ATLAS/1krnA,1001
3l9aX,88,./datasets/ATLAS/3l9aX,1001
1pchA,88,./datasets/ATLAS/1pchA,1001
4jo7A,89,./datasets/ATLAS/4jo7A,1001
3rjsA,89,./datasets/ATLAS/3rjsA,1001
5ezuA,89,./datasets/ATLAS/5ezuA,1001
2cg7A,90,./datasets/ATLAS/2cg7A,1001
5hubA,90,./datasets/ATLAS/5hubA,1001
2y1yA,90,./datasets/ATLAS/2y1yA,1001
4u5hG,90,./datasets/ATLAS/4u5hG,1001
1u84A,90,./datasets/ATLAS/1u84A,1001
1b2sF,90,./datasets/ATLAS/1b2sF,1001
3mx7A,90,./datasets/ATLAS/3mx7A,1001
1u07A,90,./datasets/ATLAS/1u07A,1001
1ef1D,90,./datasets/ATLAS/1ef1D,1001
2ftxA,90,./datasets/ATLAS/2ftxA,1001
1b2sE,90,./datasets/ATLAS/1b2sE,1001
1x6iA,91,./datasets/ATLAS/1x6iA,1001
2gpiA,91,./datasets/ATLAS/2gpiA,1001
3c0fB,91,./datasets/ATLAS/3c0fB,1001
1x6jA,91,./datasets/ATLAS/1x6jA,1001
2ygsA,92,./datasets/ATLAS/2ygsA,1001
2xdgA,92,./datasets/ATLAS/2xdgA,1001
6avjB,92,./datasets/ATLAS/6avjB,1001
2qwoB,92,./datasets/ATLAS/2qwoB,1001
1fk5A,93,./datasets/ATLAS/1fk5A,1001
2nqwA,93,./datasets/ATLAS/2nqwA,1001
4a56A,93,./datasets/ATLAS/4a56A,1001
2y4xB,93,./datasets/ATLAS/2y4xB,1001
3x0gA,93,./datasets/ATLAS/3x0gA,1001
2cwyA,94,./datasets/ATLAS/2cwyA,1001
3ajfA,94,./datasets/ATLAS/3ajfA,1001
1dfuP,94,./datasets/ATLAS/1dfuP,1001
3vc8B,94,./datasets/ATLAS/3vc8B,1001
4ndtA,94,./datasets/ATLAS/4ndtA,1001
2fe5A,94,./datasets/ATLAS/2fe5A,1001
3b4qB,94,./datasets/ATLAS/3b4qB,1001
4xqmA,94,./datasets/ATLAS/4xqmA,1001
3txsC,94,./datasets/ATLAS/3txsC,1001
3lblA,95,./datasets/ATLAS/3lblA,1001
4mmjA,95,./datasets/ATLAS/4mmjA,1001
2qskA,95,./datasets/ATLAS/2qskA,1001
3ofgB,95,./datasets/ATLAS/3ofgB,1001
3zzoA,95,./datasets/ATLAS/3zzoA,1001
3ipjA,95,./datasets/ATLAS/3ipjA,1001
3cw3A,96,./datasets/ATLAS/3cw3A,1001
2x5gA,96,./datasets/ATLAS/2x5gA,1001
3mhsB,96,./datasets/ATLAS/3mhsB,1001
4ykdA,96,./datasets/ATLAS/4ykdA,1001
1mk0A,97,./datasets/ATLAS/1mk0A,1001
3onjA,97,./datasets/ATLAS/3onjA,1001
2x5hB,97,./datasets/ATLAS/2x5hB,1001
4pz1A,98,./datasets/ATLAS/4pz1A,1001
1lriA,98,./datasets/ATLAS/1lriA,1001
5v0mA,98,./datasets/ATLAS/5v0mA,1001
2aibA,98,./datasets/ATLAS/2aibA,1001
2oy9B,98,./datasets/ATLAS/2oy9B,1001
4rp5A,98,./datasets/ATLAS/4rp5A,1001
4z8qB,98,./datasets/ATLAS/4z8qB,1001
1jo0A,98,./datasets/ATLAS/1jo0A,1001
1tovA,98,./datasets/ATLAS/1tovA,1001
2p9xD,99,./datasets/ATLAS/2p9xD,1001
2wpqC,99,./datasets/ATLAS/2wpqC,1001
2ccqA,99,./datasets/ATLAS/2ccqA,1001
3po8A,100,./datasets/ATLAS/3po8A,1001
3wx4A,100,./datasets/ATLAS/3wx4A,1001
5ol4A,100,./datasets/ATLAS/5ol4A,1001
2o4tA,100,./datasets/ATLAS/2o4tA,1001
5h6xA,100,./datasets/ATLAS/5h6xA,1001
2xrhA,100,./datasets/ATLAS/2xrhA,1001
3fpuA,100,./datasets/ATLAS/3fpuA,1001
1g2rA,100,./datasets/ATLAS/1g2rA,1001
2ebbA,101,./datasets/ATLAS/2ebbA,1001
3hmsA,101,./datasets/ATLAS/3hmsA,1001
2gh0D,101,./datasets/ATLAS/2gh0D,1001
3ic3B,101,./datasets/ATLAS/3ic3B,1001
2bo1A,101,./datasets/ATLAS/2bo1A,1001
4ebgA,101,./datasets/ATLAS/4ebgA,1001
3czzB,101,./datasets/ATLAS/3czzB,1001
3luuA,101,./datasets/ATLAS/3luuA,1001
2oyaB,102,./datasets/ATLAS/2oyaB,1001
4ew5A,102,./datasets/ATLAS/4ew5A,1001
1uz3A,102,./datasets/ATLAS/1uz3A,1001
5v03B,102,./datasets/ATLAS/5v03B,1001
4wlrB,102,./datasets/ATLAS/4wlrB,1001
1qw2A,102,./datasets/ATLAS/1qw2A,1001
4b6iD,102,./datasets/ATLAS/4b6iD,1001
5z42A,102,./datasets/ATLAS/5z42A,1001
2oxoA,103,./datasets/ATLAS/2oxoA,1001
5nohA,103,./datasets/ATLAS/5nohA,1001
4qb0A,103,./datasets/ATLAS/4qb0A,1001
3e7hA,103,./datasets/ATLAS/3e7hA,1001
2gibB,103,./datasets/ATLAS/2gibB,1001
2b1yA,104,./datasets/ATLAS/2b1yA,1001
3fybA,104,./datasets/ATLAS/3fybA,1001
1d4tA,104,./datasets/ATLAS/1d4tA,1001
5e3eA,104,./datasets/ATLAS/5e3eA,1001
2nmlA,104,./datasets/ATLAS/2nmlA,1001
3o79A,105,./datasets/ATLAS/3o79A,1001
1jyoF,105,./datasets/ATLAS/1jyoF,1001
2qtdA,105,./datasets/ATLAS/2qtdA,1001
4gn0A,105,./datasets/ATLAS/4gn0A,1001
1pucA,105,./datasets/ATLAS/1pucA,1001
5cyzC,105,./datasets/ATLAS/5cyzC,1001
1kptA,105,./datasets/ATLAS/1kptA,1001
3fn2B,106,./datasets/ATLAS/3fn2B,1001
3l1eA,106,./datasets/ATLAS/3l1eA,1001
4obiA,106,./datasets/ATLAS/4obiA,1001
7fd1A,106,./datasets/ATLAS/7fd1A,1001
3fp5A,106,./datasets/ATLAS/3fp5A,1001
2pspB,106,./datasets/ATLAS/2pspB,1001
2vm5A,106,./datasets/ATLAS/2vm5A,1001
3ol3A,107,./datasets/ATLAS/3ol3A,1001
3lyyA,107,./datasets/ATLAS/3lyyA,1001
1i4mA,108,./datasets/ATLAS/1i4mA,1001
1o4kA,108,./datasets/ATLAS/1o4kA,1001
1j0pA,108,./datasets/ATLAS/1j0pA,1001
2vkpB,109,./datasets/ATLAS/2vkpB,1001
2fhzA,109,./datasets/ATLAS/2fhzA,1001
3e0zA,109,./datasets/ATLAS/3e0zA,1001
5palA,109,./datasets/ATLAS/5palA,1001
2qsaA,109,./datasets/ATLAS/2qsaA,1001
3l4hA,109,./datasets/ATLAS/3l4hA,1001
5hqhA,109,./datasets/ATLAS/5hqhA,1001
2j6bA,109,./datasets/ATLAS/2j6bA,1001
3uebE,110,./datasets/ATLAS/3uebE,1001
2pu9A,110,./datasets/ATLAS/2pu9A,1001
3cyiA,110,./datasets/ATLAS/3cyiA,1001
4goqB,110,./datasets/ATLAS/4goqB,1001
1wq8A,110,./datasets/ATLAS/1wq8A,1001
3g98B,111,./datasets/ATLAS/3g98B,1001
2rffA,111,./datasets/ATLAS/2rffA,1001
1m9zA,111,./datasets/ATLAS/1m9zA,1001
5x1eD,111,./datasets/ATLAS/5x1eD,1001
4y7sA,111,./datasets/ATLAS/4y7sA,1001
1vyiA,112,./datasets/ATLAS/1vyiA,1001
1n8uA,112,./datasets/ATLAS/1n8uA,1001
4ftfA,112,./datasets/ATLAS/4ftfA,1001
3bn0A,112,./datasets/ATLAS/3bn0A,1001
1qauA,112,./datasets/ATLAS/1qauA,1001
1z21A,112,./datasets/ATLAS/1z21A,1001
4jmuA,112,./datasets/ATLAS/4jmuA,1001
5vapA,112,./datasets/ATLAS/5vapA,1001
4cv7A,113,./datasets/ATLAS/4cv7A,1001
5n6yC,113,./datasets/ATLAS/5n6yC,1001
2vh3A,113,./datasets/ATLAS/2vh3A,1001
1lslA,113,./datasets/ATLAS/1lslA,1001
5el3B,113,./datasets/ATLAS/5el3B,1001
2p6vA,114,./datasets/ATLAS/2p6vA,1001
3enuA,114,./datasets/ATLAS/3enuA,1001
2pyqB,114,./datasets/ATLAS/2pyqB,1001
2iayA,114,./datasets/ATLAS/2iayA,1001
3agnA,114,./datasets/ATLAS/3agnA,1001
4hwxA,114,./datasets/ATLAS/4hwxA,1001
2nwvA,114,./datasets/ATLAS/2nwvA,1001
2fipA,115,./datasets/ATLAS/2fipA,1001
3mwzA,115,./datasets/ATLAS/3mwzA,1001
3qflA,115,./datasets/ATLAS/3qflA,1001
2es9A,115,./datasets/ATLAS/2es9A,1001
3fkcA,116,./datasets/ATLAS/3fkcA,1001
3mxzA,116,./datasets/ATLAS/3mxzA,1001
1yozB,116,./datasets/ATLAS/1yozB,1001
3emiA,116,./datasets/ATLAS/3emiA,1001
2xu8B,116,./datasets/ATLAS/2xu8B,1001
3rmqA,116,./datasets/ATLAS/3rmqA,1001
1rlkA,117,./datasets/ATLAS/1rlkA,1001
3nrwA,117,./datasets/ATLAS/3nrwA,1001
1dptA,117,./datasets/ATLAS/1dptA,1001
2fb6A,117,./datasets/ATLAS/2fb6A,1001
2y39A,118,./datasets/ATLAS/2y39A,1001
2cyjA,118,./datasets/ATLAS/2cyjA,1001
5xbcB,118,./datasets/ATLAS/5xbcB,1001
3p4hA,118,./datasets/ATLAS/3p4hA,1001
1f3uG,118,./datasets/ATLAS/1f3uG,1001
3ju3A,118,./datasets/ATLAS/3ju3A,1001
5dpoA,119,./datasets/ATLAS/5dpoA,1001
1njhA,119,./datasets/ATLAS/1njhA,1001
4oxwA,119,./datasets/ATLAS/4oxwA,1001
3t7zA,119,./datasets/ATLAS/3t7zA,1001
3fpnA,119,./datasets/ATLAS/3fpnA,1001
3nufA,119,./datasets/ATLAS/3nufA,1001
3kz7A,119,./datasets/ATLAS/3kz7A,1001
1by2A,119,./datasets/ATLAS/1by2A,1001
2igpA,120,./datasets/ATLAS/2igpA,1001
3e9vA,120,./datasets/ATLAS/3e9vA,1001
1xtyB,120,./datasets/ATLAS/1xtyB,1001
1iktA,120,./datasets/ATLAS/1iktA,1001
3t92A,121,./datasets/ATLAS/3t92A,1001
1u6tA,121,./datasets/ATLAS/1u6tA,1001
4tshA,121,./datasets/ATLAS/4tshA,1001
4oe9B,121,./datasets/ATLAS/4oe9B,1001
4wrpA,122,./datasets/ATLAS/4wrpA,1001
1jifA,122,./datasets/ATLAS/1jifA,1001
1whiA,122,./datasets/ATLAS/1whiA,1001
3c1qB,123,./datasets/ATLAS/3c1qB,1001
5bs1B,123,./datasets/ATLAS/5bs1B,1001
5bnhA,123,./datasets/ATLAS/5bnhA,1001
2qjzA,123,./datasets/ATLAS/2qjzA,1001
3c9pA,123,./datasets/ATLAS/3c9pA,1001
1m8sA,124,./datasets/ATLAS/1m8sA,1001
4csbA,124,./datasets/ATLAS/4csbA,1001
1bgfA,124,./datasets/ATLAS/1bgfA,1001
3pkzA,124,./datasets/ATLAS/3pkzA,1001
3bwuD,125,./datasets/ATLAS/3bwuD,1001
2qudA,125,./datasets/ATLAS/2qudA,1001
2qhqB,125,./datasets/ATLAS/2qhqB,1001
3klrA,125,./datasets/ATLAS/3klrA,1001
2fj8A,125,./datasets/ATLAS/2fj8A,1001
2x5rA,127,./datasets/ATLAS/2x5rA,1001
1g6gA,127,./datasets/ATLAS/1g6gA,1001
1ez3B,127,./datasets/ATLAS/1ez3B,1001
1ijxC,127,./datasets/ATLAS/1ijxC,1001
2f6eA,127,./datasets/ATLAS/2f6eA,1001
2hngA,127,./datasets/ATLAS/2hngA,1001
2fygA,128,./datasets/ATLAS/2fygA,1001
1doiA,128,./datasets/ATLAS/1doiA,1001
3ehgA,128,./datasets/ATLAS/3ehgA,1001
1sf9A,128,./datasets/ATLAS/1sf9A,1001
4f55A,128,./datasets/ATLAS/4f55A,1001
3a7lA,128,./datasets/ATLAS/3a7lA,1001
1ijtA,128,./datasets/ATLAS/1ijtA,1001
2fi9A,128,./datasets/ATLAS/2fi9A,1001
1dd3B,128,./datasets/ATLAS/1dd3B,1001
1cpqA,129,./datasets/ATLAS/1cpqA,1001
3l2aA,129,./datasets/ATLAS/3l2aA,1001
3ushB,129,./datasets/ATLAS/3ushB,1001
1cuoA,129,./datasets/ATLAS/1cuoA,1001
1lr0A,129,./datasets/ATLAS/1lr0A,1001
1mscA,129,./datasets/ATLAS/1mscA,1001
2w0gA,129,./datasets/ATLAS/2w0gA,1001
3fkeA,129,./datasets/ATLAS/3fkeA,1001
2hy5A,130,./datasets/ATLAS/2hy5A,1001
2cx7A,130,./datasets/ATLAS/2cx7A,1001
3daiA,130,./datasets/ATLAS/3daiA,1001
1m5qI,130,./datasets/ATLAS/1m5qI,1001
2wb6A,130,./datasets/ATLAS/2wb6A,1001
2hu9A,130,./datasets/ATLAS/2hu9A,1001
1seiA,130,./datasets/ATLAS/1seiA,1001
1jyoB,130,./datasets/ATLAS/1jyoB,1001
1a62A,130,./datasets/ATLAS/1a62A,1001
1wnaA,131,./datasets/ATLAS/1wnaA,1001
5o5sA,131,./datasets/ATLAS/5o5sA,1001
5wx9A,131,./datasets/ATLAS/5wx9A,1001
1u7kD,131,./datasets/ATLAS/1u7kD,1001
2vzcA,131,./datasets/ATLAS/2vzcA,1001
2gc4B,131,./datasets/ATLAS/2gc4B,1001
1c52A,131,./datasets/ATLAS/1c52A,1001
3oblB,132,./datasets/ATLAS/3oblB,1001
5dblA,132,./datasets/ATLAS/5dblA,1001
2e8eA,132,./datasets/ATLAS/2e8eA,1001
4zi3D,133,./datasets/ATLAS/4zi3D,1001
4cv4A,133,./datasets/ATLAS/4cv4A,1001
3v0rA,133,./datasets/ATLAS/3v0rA,1001
3ga3A,133,./datasets/ATLAS/3ga3A,1001
2e5yB,133,./datasets/ATLAS/2e5yB,1001
1ve0A,134,./datasets/ATLAS/1ve0A,1001
2y7bA,134,./datasets/ATLAS/2y7bA,1001
3lq9A,134,./datasets/ATLAS/3lq9A,1001
2p6hB,134,./datasets/ATLAS/2p6hB,1001
5b3pA,134,./datasets/ATLAS/5b3pA,1001
2vacA,134,./datasets/ATLAS/2vacA,1001
4zdsB,134,./datasets/ATLAS/4zdsB,1001
5iqjC,134,./datasets/ATLAS/5iqjC,1001
4q0yA,134,./datasets/ATLAS/4q0yA,1001
2pagA,135,./datasets/ATLAS/2pagA,1001
2w0iA,135,./datasets/ATLAS/2w0iA,1001
1gqvA,135,./datasets/ATLAS/1gqvA,1001
3fm2A,135,./datasets/ATLAS/3fm2A,1001
1r9fA,136,./datasets/ATLAS/1r9fA,1001
2lisA,136,./datasets/ATLAS/2lisA,1001
1j5uA,136,./datasets/ATLAS/1j5uA,1001
4rr9A,136,./datasets/ATLAS/4rr9A,1001
5opzA,137,./datasets/ATLAS/5opzA,1001
2qq4B,138,./datasets/ATLAS/2qq4B,1001
2ofzA,138,./datasets/ATLAS/2ofzA,1001
5ii7A,138,./datasets/ATLAS/5ii7A,1001
2endA,138,./datasets/ATLAS/2endA,1001
3d7aB,138,./datasets/ATLAS/3d7aB,1001
2gecA,139,./datasets/ATLAS/2gecA,1001
5btzA,139,./datasets/ATLAS/5btzA,1001
2in8A,139,./datasets/ATLAS/2in8A,1001
2v6aO,140,./datasets/ATLAS/2v6aO,1001
5djeB,140,./datasets/ATLAS/5djeB,1001
3m7aA,140,./datasets/ATLAS/3m7aA,1001
2onfB,140,./datasets/ATLAS/2onfB,1001
2w9yA,140,./datasets/ATLAS/2w9yA,1001
1ifgA,140,./datasets/ATLAS/1ifgA,1001
1hufA,140,./datasets/ATLAS/1hufA,1001
2g64A,140,./datasets/ATLAS/2g64A,1001
2nukA,141,./datasets/ATLAS/2nukA,1001
3apaA,141,./datasets/ATLAS/3apaA,1001
3g0mA,141,./datasets/ATLAS/3g0mA,1001
5en2C,141,./datasets/ATLAS/5en2C,1001
2j6aA,141,./datasets/ATLAS/2j6aA,1001
1vr8A,142,./datasets/ATLAS/1vr8A,1001
1tzwA,142,./datasets/ATLAS/1tzwA,1001
2dt4A,143,./datasets/ATLAS/2dt4A,1001
3inoA,143,./datasets/ATLAS/3inoA,1001
2yvqA,143,./datasets/ATLAS/2yvqA,1001
1qddA,144,./datasets/ATLAS/1qddA,1001
2fzpA,144,./datasets/ATLAS/2fzpA,1001
1jkeC,145,./datasets/ATLAS/1jkeC,1001
3kbyA,145,./datasets/ATLAS/3kbyA,1001
2xppA,145,./datasets/ATLAS/2xppA,1001
2pv4A,145,./datasets/ATLAS/2pv4A,1001
3mswA,145,./datasets/ATLAS/3mswA,1001
2w6kA,145,./datasets/ATLAS/2w6kA,1001
2qevA,145,./datasets/ATLAS/2qevA,1001
2jekA,145,./datasets/ATLAS/2jekA,1001
2yskA,145,./datasets/ATLAS/2yskA,1001
3omdB,145,./datasets/ATLAS/3omdB,1001
2p84A,145,./datasets/ATLAS/2p84A,1001
2wzoA,146,./datasets/ATLAS/2wzoA,1001
3fh2A,146,./datasets/ATLAS/3fh2A,1001
4exoA,146,./datasets/ATLAS/4exoA,1001
6anzA,146,./datasets/ATLAS/6anzA,1001
2v0uA,146,./datasets/ATLAS/2v0uA,1001
2jddA,146,./datasets/ATLAS/2jddA,1001
5eqzA,146,./datasets/ATLAS/5eqzA,1001
4q7oB,146,./datasets/ATLAS/4q7oB,1001
1nl1A,147,./datasets/ATLAS/1nl1A,1001
1dk8A,147,./datasets/ATLAS/1dk8A,1001
1earA,147,./datasets/ATLAS/1earA,1001
1rk8B,147,./datasets/ATLAS/1rk8B,1001
2w56A,147,./datasets/ATLAS/2w56A,1001
1yocB,147,./datasets/ATLAS/1yocB,1001
1wpuA,147,./datasets/ATLAS/1wpuA,1001
2gc4L,147,./datasets/ATLAS/2gc4L,1001
2w86A,147,./datasets/ATLAS/2w86A,1001
1ng6A,148,./datasets/ATLAS/1ng6A,1001
3zfnA,148,./datasets/ATLAS/3zfnA,1001
5x1eB,148,./datasets/ATLAS/5x1eB,1001
2d28C,149,./datasets/ATLAS/2d28C,1001
2eo4A,149,./datasets/ATLAS/2eo4A,1001
3o0gD,149,./datasets/ATLAS/3o0gD,1001
2wcuA,149,./datasets/ATLAS/2wcuA,1001
4wheA,150,./datasets/ATLAS/4wheA,1001
3oxpA,150,./datasets/ATLAS/3oxpA,1001
4xb6E,150,./datasets/ATLAS/4xb6E,1001
2y1qA,150,./datasets/ATLAS/2y1qA,1001
1z2uA,150,./datasets/ATLAS/1z2uA,1001
5jakA,151,./datasets/ATLAS/5jakA,1001
1rssA,151,./datasets/ATLAS/1rssA,1001
3iiuM,151,./datasets/ATLAS/3iiuM,1001
2vnlA,151,./datasets/ATLAS/2vnlA,1001
3a0yB,152,./datasets/ATLAS/3a0yB,1001
1ouwC,152,./datasets/ATLAS/1ouwC,1001
1dvoA,152,./datasets/ATLAS/1dvoA,1001
2op6A,152,./datasets/ATLAS/2op6A,1001
1ntvA,152,./datasets/ATLAS/1ntvA,1001
4xb4A,152,./datasets/ATLAS/4xb4A,1001
2glzB,153,./datasets/ATLAS/2glzB,1001
2prvA,153,./datasets/ATLAS/2prvA,1001
3pvhA,153,./datasets/ATLAS/3pvhA,1001
2bk9A,153,./datasets/ATLAS/2bk9A,1001
3jubA,153,./datasets/ATLAS/3jubA,1001
2ejnB,153,./datasets/ATLAS/2ejnB,1001
5c8qB,154,./datasets/ATLAS/5c8qB,1001
1md6A,154,./datasets/ATLAS/1md6A,1001
3cy4A,154,./datasets/ATLAS/3cy4A,1001
5t2pB,155,./datasets/ATLAS/5t2pB,1001
2oebA,155,./datasets/ATLAS/2oebA,1001
5m1mA,155,./datasets/ATLAS/5m1mA,1001
3h2dB,155,./datasets/ATLAS/3h2dB,1001
1o1xA,155,./datasets/ATLAS/1o1xA,1001
3vnbA,155,./datasets/ATLAS/3vnbA,1001
4m62S,155,./datasets/ATLAS/4m62S,1001
2ox7B,155,./datasets/ATLAS/2ox7B,1001
5e7xA,155,./datasets/ATLAS/5e7xA,1001
4qn8B,155,./datasets/ATLAS/4qn8B,1001
3gmvX,156,./datasets/ATLAS/3gmvX,1001
3oi8A,156,./datasets/ATLAS/3oi8A,1001
1dwkA,156,./datasets/ATLAS/1dwkA,1001
3qraA,157,./datasets/ATLAS/3qraA,1001
5mduA,157,./datasets/ATLAS/5mduA,1001
3ii2A,157,./datasets/ATLAS/3ii2A,1001
2vy8A,157,./datasets/ATLAS/2vy8A,1001
1v4pC,157,./datasets/ATLAS/1v4pC,1001
2zzdE,157,./datasets/ATLAS/2zzdE,1001
3owtB,157,./datasets/ATLAS/3owtB,1001
2z0xA,158,./datasets/ATLAS/2z0xA,1001
3imkA,158,./datasets/ATLAS/3imkA,1001
3lurB,158,./datasets/ATLAS/3lurB,1001
1zd7B,159,./datasets/ATLAS/1zd7B,1001
1fm4A,159,./datasets/ATLAS/1fm4A,1001
2pcnA,161,./datasets/ATLAS/2pcnA,1001
3f4mA,161,./datasets/ATLAS/3f4mA,1001
5eg7A,161,./datasets/ATLAS/5eg7A,1001
2hq4A,161,./datasets/ATLAS/2hq4A,1001
2qnlA,162,./datasets/ATLAS/2qnlA,1001
2cfeA,162,./datasets/ATLAS/2cfeA,1001
3gqhA,163,./datasets/ATLAS/3gqhA,1001
1t9iB,163,./datasets/ATLAS/1t9iB,1001
5uc0A,163,./datasets/ATLAS/5uc0A,1001
2aj7A,163,./datasets/ATLAS/2aj7A,1001
5xctB,163,./datasets/ATLAS/5xctB,1001
3on9A,163,./datasets/ATLAS/3on9A,1001
3fcnA,164,./datasets/ATLAS/3fcnA,1001
1tt8A,164,./datasets/ATLAS/1tt8A,1001
1b8dK,164,./datasets/ATLAS/1b8dK,1001
3vgpA,164,./datasets/ATLAS/3vgpA,1001
5gglA,164,./datasets/ATLAS/5gglA,1001
1n2mA,165,./datasets/ATLAS/1n2mA,1001
3n4iB,165,./datasets/ATLAS/3n4iB,1001
4a1kA,165,./datasets/ATLAS/4a1kA,1001
2wfrA,165,./datasets/ATLAS/2wfrA,1001
3n4jA,165,./datasets/ATLAS/3n4jA,1001
2xvsA,166,./datasets/ATLAS/2xvsA,1001
3lasB,166,./datasets/ATLAS/3lasB,1001
3l51B,166,./datasets/ATLAS/3l51B,1001
1xo7B,166,./datasets/ATLAS/1xo7B,1001
2fp1A,166,./datasets/ATLAS/2fp1A,1001
1rylA,167,./datasets/ATLAS/1rylA,1001
2gkpA,167,./datasets/ATLAS/2gkpA,1001
3hvvA,167,./datasets/ATLAS/3hvvA,1001
3mmhB,167,./datasets/ATLAS/3mmhB,1001
3eyeA,168,./datasets/ATLAS/3eyeA,1001
5gv0A,168,./datasets/ATLAS/5gv0A,1001
1xeoA,168,./datasets/ATLAS/1xeoA,1001
2zcaB,169,./datasets/ATLAS/2zcaB,1001
1btkA,169,./datasets/ATLAS/1btkA,1001
2rkqA,169,./datasets/ATLAS/2rkqA,1001
2ed6A,170,./datasets/ATLAS/2ed6A,1001
5kvkA,170,./datasets/ATLAS/5kvkA,1001
2nsaA,170,./datasets/ATLAS/2nsaA,1001
1xvgE,170,./datasets/ATLAS/1xvgE,1001
2xseA,170,./datasets/ATLAS/2xseA,1001
3gwiA,170,./datasets/ATLAS/3gwiA,1001
5vu3B,170,./datasets/ATLAS/5vu3B,1001
3rt4A,171,./datasets/ATLAS/3rt4A,1001
2imsA,171,./datasets/ATLAS/2imsA,1001
3wurB,171,./datasets/ATLAS/3wurB,1001
3nl9A,171,./datasets/ATLAS/3nl9A,1001
1wpbA,172,./datasets/ATLAS/1wpbA,1001
5g38A,172,./datasets/ATLAS/5g38A,1001
1koeA,172,./datasets/ATLAS/1koeA,1001
5cofA,173,./datasets/ATLAS/5cofA,1001
2vriA,174,./datasets/ATLAS/2vriA,1001
5ef9A,174,./datasets/ATLAS/5ef9A,1001
2o74F,174,./datasets/ATLAS/2o74F,1001
4o6gA,174,./datasets/ATLAS/4o6gA,1001
2au7A,175,./datasets/ATLAS/2au7A,1001
2xolB,176,./datasets/ATLAS/2xolB,1001
2p12A,176,./datasets/ATLAS/2p12A,1001
1rl6A,177,./datasets/ATLAS/1rl6A,1001
3nr1A,178,./datasets/ATLAS/3nr1A,1001
2ia1A,178,./datasets/ATLAS/2ia1A,1001
1k8kE,178,./datasets/ATLAS/1k8kE,1001
2znrA,178,./datasets/ATLAS/2znrA,1001
1jwqA,179,./datasets/ATLAS/1jwqA,1001
3qc7A,179,./datasets/ATLAS/3qc7A,1001
4koqA,180,./datasets/ATLAS/4koqA,1001
2igiA,180,./datasets/ATLAS/2igiA,1001
2q2gA,180,./datasets/ATLAS/2q2gA,1001
2ot9A,180,./datasets/ATLAS/2ot9A,1001
1im5A,180,./datasets/ATLAS/1im5A,1001
2dwkA,180,./datasets/ATLAS/2dwkA,1001
2yvoA,182,./datasets/ATLAS/2yvoA,1001
3jv1A,182,./datasets/ATLAS/3jv1A,1001
3vorA,182,./datasets/ATLAS/3vorA,1001
2y3wA,182,./datasets/ATLAS/2y3wA,1001
3k5jA,183,./datasets/ATLAS/3k5jA,1001
3g5kD,183,./datasets/ATLAS/3g5kD,1001
1ypyA,184,./datasets/ATLAS/1ypyA,1001
4o6qA,184,./datasets/ATLAS/4o6qA,1001
3molB,184,./datasets/ATLAS/3molB,1001
2y44A,184,./datasets/ATLAS/2y44A,1001
2i9wA,184,./datasets/ATLAS/2i9wA,1001
2at8X,184,./datasets/ATLAS/2at8X,1001
4oieA,185,./datasets/ATLAS/4oieA,1001
2b0aA,186,./datasets/ATLAS/2b0aA,1001
1v7rA,186,./datasets/ATLAS/1v7rA,1001
4u9bA,187,./datasets/ATLAS/4u9bA,1001
1xhkB,187,./datasets/ATLAS/1xhkB,1001
5cflA,187,./datasets/ATLAS/5cflA,1001
1jhsA,188,./datasets/ATLAS/1jhsA,1001
3h0nA,188,./datasets/ATLAS/3h0nA,1001
1u55A,188,./datasets/ATLAS/1u55A,1001
2h1tB,188,./datasets/ATLAS/2h1tB,1001
4qxoA,188,./datasets/ATLAS/4qxoA,1001
4hfvA,190,./datasets/ATLAS/4hfvA,1001
3h8tA,191,./datasets/ATLAS/3h8tA,1001
2pfxA,191,./datasets/ATLAS/2pfxA,1001
3dzaA,191,./datasets/ATLAS/3dzaA,1001
3frrA,191,./datasets/ATLAS/3frrA,1001
3h93A,192,./datasets/ATLAS/3h93A,1001
3rlkA,192,./datasets/ATLAS/3rlkA,1001
4qmdA,193,./datasets/ATLAS/4qmdA,1001
1juvA,193,./datasets/ATLAS/1juvA,1001
3lgbB,194,./datasets/ATLAS/3lgbB,1001
2bmoB,194,./datasets/ATLAS/2bmoB,1001
4byzA,194,./datasets/ATLAS/4byzA,1001
4xb6F,194,./datasets/ATLAS/4xb6F,1001
2bbrA,195,./datasets/ATLAS/2bbrA,1001
1qhvA,195,./datasets/ATLAS/1qhvA,1001
1j8rA,196,./datasets/ATLAS/1j8rA,1001
5gw6A,196,./datasets/ATLAS/5gw6A,1001
4ke2C,196,./datasets/ATLAS/4ke2C,1001
4dlhB,197,./datasets/ATLAS/4dlhB,1001
3jz9A,197,./datasets/ATLAS/3jz9A,1001
1ocyA,198,./datasets/ATLAS/1ocyA,1001
4g6dB,198,./datasets/ATLAS/4g6dB,1001
4alzA,198,./datasets/ATLAS/4alzA,1001
2gs5A,198,./datasets/ATLAS/2gs5A,1001
6fy5A,198,./datasets/ATLAS/6fy5A,1001
3o3xA,198,./datasets/ATLAS/3o3xA,1001
3it4C,199,./datasets/ATLAS/3it4C,1001
1pp0C,199,./datasets/ATLAS/1pp0C,1001
3lwxA,199,./datasets/ATLAS/3lwxA,1001
2wawA,199,./datasets/ATLAS/2wawA,1001
2gwmA,200,./datasets/ATLAS/2gwmA,1001
3nkeB,200,./datasets/ATLAS/3nkeB,1001
2q9rA,200,./datasets/ATLAS/2q9rA,1001
2it2B,200,./datasets/ATLAS/2it2B,1001
2bfwA,200,./datasets/ATLAS/2bfwA,1001
5ij2B,201,./datasets/ATLAS/5ij2B,1001
3wvzA,201,./datasets/ATLAS/3wvzA,1001
2ovjA,201,./datasets/ATLAS/2ovjA,1001
5o9eA,201,./datasets/ATLAS/5o9eA,1001
2id6A,202,./datasets/ATLAS/2id6A,1001
1r8mE,203,./datasets/ATLAS/1r8mE,1001
4hfqB,203,./datasets/ATLAS/4hfqB,1001
1ugpA,203,./datasets/ATLAS/1ugpA,1001
1chdA,203,./datasets/ATLAS/1chdA,1001
2imfA,203,./datasets/ATLAS/2imfA,1001
2rciA,204,./datasets/ATLAS/2rciA,1001
1dowA,205,./datasets/ATLAS/1dowA,1001
2bkoA,205,./datasets/ATLAS/2bkoA,1001
2nnuA,205,./datasets/ATLAS/2nnuA,1001
1ix9A,205,./datasets/ATLAS/1ix9A,1001
2vfkA,205,./datasets/ATLAS/2vfkA,1001
2fb5A,205,./datasets/ATLAS/2fb5A,1001
3it4B,205,./datasets/ATLAS/3it4B,1001
5w2fA,206,./datasets/ATLAS/5w2fA,1001
1k7jA,206,./datasets/ATLAS/1k7jA,1001
4ywkA,206,./datasets/ATLAS/4ywkA,1001
1xkrA,206,./datasets/ATLAS/1xkrA,1001
2vfxC,206,./datasets/ATLAS/2vfxC,1001
2amhA,207,./datasets/ATLAS/2amhA,1001
1h2eA,207,./datasets/ATLAS/1h2eA,1001
4gehA,207,./datasets/ATLAS/4gehA,1001
2vi1A,207,./datasets/ATLAS/2vi1A,1001
4lpqA,207,./datasets/ATLAS/4lpqA,1001
1z0bA,207,./datasets/ATLAS/1z0bA,1001
4ervA,207,./datasets/ATLAS/4ervA,1001
1s9uA,207,./datasets/ATLAS/1s9uA,1001
2o7oA,207,./datasets/ATLAS/2o7oA,1001
1nf8A,207,./datasets/ATLAS/1nf8A,1001
2p3pB,207,./datasets/ATLAS/2p3pB,1001
1wd5A,208,./datasets/ATLAS/1wd5A,1001
5x1uB,208,./datasets/ATLAS/5x1uB,1001
4dokA,208,./datasets/ATLAS/4dokA,1001
5ja5A,209,./datasets/ATLAS/5ja5A,1001
4zavA,209,./datasets/ATLAS/4zavA,1001
1wbeA,209,./datasets/ATLAS/1wbeA,1001
1j77A,209,./datasets/ATLAS/1j77A,1001
1qnxA,209,./datasets/ATLAS/1qnxA,1001
4ddpA,210,./datasets/ATLAS/4ddpA,1001
3boeA,210,./datasets/ATLAS/3boeA,1001
1w2wA,211,./datasets/ATLAS/1w2wA,1001
2pu3A,211,./datasets/ATLAS/2pu3A,1001
2vrsC,211,./datasets/ATLAS/2vrsC,1001
3b49A,211,./datasets/ATLAS/3b49A,1001
1qcsA,211,./datasets/ATLAS/1qcsA,1001
4lq4A,211,./datasets/ATLAS/4lq4A,1001
4jgiA,211,./datasets/ATLAS/4jgiA,1001
2abkA,211,./datasets/ATLAS/2abkA,1001
5a5yA,212,./datasets/ATLAS/5a5yA,1001
3f0oB,212,./datasets/ATLAS/3f0oB,1001
1ojqA,212,./datasets/ATLAS/1ojqA,1001
1cojA,212,./datasets/ATLAS/1cojA,1001
4h9nC,212,./datasets/ATLAS/4h9nC,1001
3f0pA,212,./datasets/ATLAS/3f0pA,1001
5a67A,212,./datasets/ATLAS/5a67A,1001
3gnuP,213,./datasets/ATLAS/3gnuP,1001
4wt3A,213,./datasets/ATLAS/4wt3A,1001
1sdiA,213,./datasets/ATLAS/1sdiA,1001
3claA,213,./datasets/ATLAS/3claA,1001
3jsyB,213,./datasets/ATLAS/3jsyB,1001
3fhfA,214,./datasets/ATLAS/3fhfA,1001
4b2fA,214,./datasets/ATLAS/4b2fA,1001
4qtqA,214,./datasets/ATLAS/4qtqA,1001
1vajA,214,./datasets/ATLAS/1vajA,1001
3st1A,214,./datasets/ATLAS/3st1A,1001
3mqzA,215,./datasets/ATLAS/3mqzA,1001
3da8A,215,./datasets/ATLAS/3da8A,1001
1dzfA,215,./datasets/ATLAS/1dzfA,1001
5t76A,215,./datasets/ATLAS/5t76A,1001
2ov9C,216,./datasets/ATLAS/2ov9C,1001
4fhrB,216,./datasets/ATLAS/4fhrB,1001
3kbbA,216,./datasets/ATLAS/3kbbA,1001
4dolA,217,./datasets/ATLAS/4dolA,1001
2wnpF,217,./datasets/ATLAS/2wnpF,1001
4a3pA,217,./datasets/ATLAS/4a3pA,1001
1c1kA,217,./datasets/ATLAS/1c1kA,1001
4cbeA,218,./datasets/ATLAS/4cbeA,1001
4wzgA,218,./datasets/ATLAS/4wzgA,1001
4ea9A,220,./datasets/ATLAS/4ea9A,1001
5iffA,220,./datasets/ATLAS/5iffA,1001
3e8tA,220,./datasets/ATLAS/3e8tA,1001
5a0nA,220,./datasets/ATLAS/5a0nA,1001
2hqkA,221,./datasets/ATLAS/2hqkA,1001
2nugB,221,./datasets/ATLAS/2nugB,1001
4fchB,221,./datasets/ATLAS/4fchB,1001
1xtaA,221,./datasets/ATLAS/1xtaA,1001
2ahnA,222,./datasets/ATLAS/2ahnA,1001
3m4rA,222,./datasets/ATLAS/3m4rA,1001
4adnB,222,./datasets/ATLAS/4adnB,1001
1oisA,223,./datasets/ATLAS/1oisA,1001
2hxmA,223,./datasets/ATLAS/2hxmA,1001
1kopA,223,./datasets/ATLAS/1kopA,1001
4ljoA,223,./datasets/ATLAS/4ljoA,1001
1h99A,224,./datasets/ATLAS/1h99A,1001
2dtrA,226,./datasets/ATLAS/2dtrA,1001
1zn6A,227,./datasets/ATLAS/1zn6A,1001
4n67A,227,./datasets/ATLAS/4n67A,1001
5imuA,227,./datasets/ATLAS/5imuA,1001
2c9iD,228,./datasets/ATLAS/2c9iD,1001
2pbkB,228,./datasets/ATLAS/2pbkB,1001
3ti2A,228,./datasets/ATLAS/3ti2A,1001
1aolA,228,./datasets/ATLAS/1aolA,1001
1t61E,229,./datasets/ATLAS/1t61E,1001
3u9gA,229,./datasets/ATLAS/3u9gA,1001
3o6pA,229,./datasets/ATLAS/3o6pA,1001
1zosC,230,./datasets/ATLAS/1zosC,1001
4m0qA,230,./datasets/ATLAS/4m0qA,1001
5klhA,231,./datasets/ATLAS/5klhA,1001
1d2tA,231,./datasets/ATLAS/1d2tA,1001
1fx4A,231,./datasets/ATLAS/1fx4A,1001
3ooiA,232,./datasets/ATLAS/3ooiA,1001
3gkjA,232,./datasets/ATLAS/3gkjA,1001
1k7cA,233,./datasets/ATLAS/1k7cA,1001
2f5tX,233,./datasets/ATLAS/2f5tX,1001
1y6iA,233,./datasets/ATLAS/1y6iA,1001
2jftA,234,./datasets/ATLAS/2jftA,1001
1fczA,235,./datasets/ATLAS/1fczA,1001
1qwzA,235,./datasets/ATLAS/1qwzA,1001
1qb7A,236,./datasets/ATLAS/1qb7A,1001
4bgpA,236,./datasets/ATLAS/4bgpA,1001
6fswA,236,./datasets/ATLAS/6fswA,1001
2z0jE,237,./datasets/ATLAS/2z0jE,1001
3bk5A,237,./datasets/ATLAS/3bk5A,1001
3lktQ,238,./datasets/ATLAS/3lktQ,1001
1hw1B,239,./datasets/ATLAS/1hw1B,1001
4p5aA,239,./datasets/ATLAS/4p5aA,1001
4bt9B,239,./datasets/ATLAS/4bt9B,1001
2r31A,239,./datasets/ATLAS/2r31A,1001
1t95A,240,./datasets/ATLAS/1t95A,1001
3milA,240,./datasets/ATLAS/3milA,1001
3nclA,241,./datasets/ATLAS/3nclA,1001
1ql0B,241,./datasets/ATLAS/1ql0B,1001
5j3tB,242,./datasets/ATLAS/5j3tB,1001
3etoA,242,./datasets/ATLAS/3etoA,1001
1vk1A,242,./datasets/ATLAS/1vk1A,1001
3kvdD,242,./datasets/ATLAS/3kvdD,1001
4iu3B,243,./datasets/ATLAS/4iu3B,1001
4ct7A,243,./datasets/ATLAS/4ct7A,1001
2pmkA,243,./datasets/ATLAS/2pmkA,1001
3aa6B,244,./datasets/ATLAS/3aa6B,1001
2x9oA,244,./datasets/ATLAS/2x9oA,1001
3lyfD,245,./datasets/ATLAS/3lyfD,1001
1ah7A,245,./datasets/ATLAS/1ah7A,1001
2pqxA,245,./datasets/ATLAS/2pqxA,1001
3rv1B,246,./datasets/ATLAS/3rv1B,1001
3nqiA,246,./datasets/ATLAS/3nqiA,1001
2oezB,247,./datasets/ATLAS/2oezB,1001
4j4rA,248,./datasets/ATLAS/4j4rA,1001
3i94A,248,./datasets/ATLAS/3i94A,1001
4mzvA,248,./datasets/ATLAS/4mzvA,1001
1lfpA,249,./datasets/ATLAS/1lfpA,1001
3g3sB,249,./datasets/ATLAS/3g3sB,1001
5wvoC,250,./datasets/ATLAS/5wvoC,1001
2i5vO,251,./datasets/ATLAS/2i5vO,1001
3nyyA,252,./datasets/ATLAS/3nyyA,1001
3v68A,252,./datasets/ATLAS/3v68A,1001
2d1lA,253,./datasets/ATLAS/2d1lA,1001
2wn3C,254,./datasets/ATLAS/2wn3C,1001
2phnA,254,./datasets/ATLAS/2phnA,1001
2v4nA,254,./datasets/ATLAS/2v4nA,1001
3dhaA,254,./datasets/ATLAS/3dhaA,1001
3c8wC,255,./datasets/ATLAS/3c8wC,1001
3dd6A,255,./datasets/ATLAS/3dd6A,1001
4rswB,255,./datasets/ATLAS/4rswB,1001
5ftwA,256,./datasets/ATLAS/5ftwA,1001
4v23A,256,./datasets/ATLAS/4v23A,1001
2qdxA,257,./datasets/ATLAS/2qdxA,1001
2vmcA,257,./datasets/ATLAS/2vmcA,1001
4cfiA,258,./datasets/ATLAS/4cfiA,1001
2xjqA,258,./datasets/ATLAS/2xjqA,1001
3dnhB,258,./datasets/ATLAS/3dnhB,1001
3a1uA,258,./datasets/ATLAS/3a1uA,1001
3lvuD,258,./datasets/ATLAS/3lvuD,1001
1oh9A,258,./datasets/ATLAS/1oh9A,1001
2jc5A,259,./datasets/ATLAS/2jc5A,1001
1qgiA,259,./datasets/ATLAS/1qgiA,1001
2wr8A,259,./datasets/ATLAS/2wr8A,1001
1v7zF,260,./datasets/ATLAS/1v7zF,1001
2fosA,260,./datasets/ATLAS/2fosA,1001
2wkxA,261,./datasets/ATLAS/2wkxA,1001
3rkgA,261,./datasets/ATLAS/3rkgA,1001
2z4uA,261,./datasets/ATLAS/2z4uA,1001
2rbkA,261,./datasets/ATLAS/2rbkA,1001
1llnA,262,./datasets/ATLAS/1llnA,1001
5heeB,262,./datasets/ATLAS/5heeB,1001
2qiaA,262,./datasets/ATLAS/2qiaA,1001
1r5lA,262,./datasets/ATLAS/1r5lA,1001
1ig3A,263,./datasets/ATLAS/1ig3A,1001
2gg2A,263,./datasets/ATLAS/2gg2A,1001
1dj0B,264,./datasets/ATLAS/1dj0B,1001
1pv5A,264,./datasets/ATLAS/1pv5A,1001
2z6rA,265,./datasets/ATLAS/2z6rA,1001
2wbfX,265,./datasets/ATLAS/2wbfX,1001
5v7mA,265,./datasets/ATLAS/5v7mA,1001
2p54A,267,./datasets/ATLAS/2p54A,1001
1wuiS,267,./datasets/ATLAS/1wuiS,1001
3ho6A,267,./datasets/ATLAS/3ho6A,1001
1ssqD,267,./datasets/ATLAS/1ssqD,1001
3ijwA,268,./datasets/ATLAS/3ijwA,1001
3hlzB,269,./datasets/ATLAS/3hlzB,1001
3m66A,270,./datasets/ATLAS/3m66A,1001
5lpaA,270,./datasets/ATLAS/5lpaA,1001
2xmxA,271,./datasets/ATLAS/2xmxA,1001
2i2fA,272,./datasets/ATLAS/2i2fA,1001
1h8eG,272,./datasets/ATLAS/1h8eG,1001
1tdzA,272,./datasets/ATLAS/1tdzA,1001
3lx5A,272,./datasets/ATLAS/3lx5A,1001
3dffA,273,./datasets/ATLAS/3dffA,1001
3d4iA,273,./datasets/ATLAS/3d4iA,1001
1kgqA,274,./datasets/ATLAS/1kgqA,1001
2v9mA,274,./datasets/ATLAS/2v9mA,1001
2gkeA,274,./datasets/ATLAS/2gkeA,1001
4yxpA,275,./datasets/ATLAS/4yxpA,1001
2v27A,275,./datasets/ATLAS/2v27A,1001
1dciC,275,./datasets/ATLAS/1dciC,1001
2r2dA,276,./datasets/ATLAS/2r2dA,1001
1k5nA,276,./datasets/ATLAS/1k5nA,1001
4phrA,277,./datasets/ATLAS/4phrA,1001
2pq8A,278,./datasets/ATLAS/2pq8A,1001
3rxyA,278,./datasets/ATLAS/3rxyA,1001
1bkpA,278,./datasets/ATLAS/1bkpA,1001
1t7vA,278,./datasets/ATLAS/1t7vA,1001
4gk9A,279,./datasets/ATLAS/4gk9A,1001
2dt8A,280,./datasets/ATLAS/2dt8A,1001
2zwdA,281,./datasets/ATLAS/2zwdA,1001
4omfB,281,./datasets/ATLAS/4omfB,1001
4xb6H,281,./datasets/ATLAS/4xb6H,1001
1yqeA,282,./datasets/ATLAS/1yqeA,1001
5oh5A,283,./datasets/ATLAS/5oh5A,1001
3fo8D,283,./datasets/ATLAS/3fo8D,1001
2i7cC,283,./datasets/ATLAS/2i7cC,1001
2vg3C,284,./datasets/ATLAS/2vg3C,1001
5jcaS,284,./datasets/ATLAS/5jcaS,1001
4lzhA,285,./datasets/ATLAS/4lzhA,1001
3ohgA,285,./datasets/ATLAS/3ohgA,1001
3f7wA,288,./datasets/ATLAS/3f7wA,1001
2p2vA,288,./datasets/ATLAS/2p2vA,1001
1vzyB,291,./datasets/ATLAS/1vzyB,1001
3t7hB,291,./datasets/ATLAS/3t7hB,1001
4gsjA,291,./datasets/ATLAS/4gsjA,1001
4p7xA,292,./datasets/ATLAS/4p7xA,1001
1fxoG,293,./datasets/ATLAS/1fxoG,1001
2fefB,294,./datasets/ATLAS/2fefB,1001
1nnhA,294,./datasets/ATLAS/1nnhA,1001
1lc3A,294,./datasets/ATLAS/1lc3A,1001
2rkuA,294,./datasets/ATLAS/2rkuA,1001
3q1nA,294,./datasets/ATLAS/3q1nA,1001
5njlA,295,./datasets/ATLAS/5njlA,1001
1hq0A,295,./datasets/ATLAS/1hq0A,1001
3ltiA,296,./datasets/ATLAS/3ltiA,1001
4g75A,297,./datasets/ATLAS/4g75A,1001
1vkmC,297,./datasets/ATLAS/1vkmC,1001
2w39A,298,./datasets/ATLAS/2w39A,1001
3g5tA,299,./datasets/ATLAS/3g5tA,1001
1rqjA,299,./datasets/ATLAS/1rqjA,1001
1wlgB,299,./datasets/ATLAS/1wlgB,1001
2v4bB,300,./datasets/ATLAS/2v4bB,1001
3p3gA,300,./datasets/ATLAS/3p3gA,1001
2ii1D,301,./datasets/ATLAS/2ii1D,1001
1d3yB,301,./datasets/ATLAS/1d3yB,1001
1wf3A,301,./datasets/ATLAS/1wf3A,1001
5dmuA,301,./datasets/ATLAS/5dmuA,1001
1mlwA,301,./datasets/ATLAS/1mlwA,1001
3bl9A,301,./datasets/ATLAS/3bl9A,1001
3b9qA,302,./datasets/ATLAS/3b9qA,1001
4ngdA,302,./datasets/ATLAS/4ngdA,1001
1q74C,303,./datasets/ATLAS/1q74C,1001
2ixmA,303,./datasets/ATLAS/2ixmA,1001
5ktsA,304,./datasets/ATLAS/5ktsA,1001
2gnoA,305,./datasets/ATLAS/2gnoA,1001
2blnB,305,./datasets/ATLAS/2blnB,1001
4p3xA,305,./datasets/ATLAS/4p3xA,1001
2h2zA,306,./datasets/ATLAS/2h2zA,1001
2wsiA,306,./datasets/ATLAS/2wsiA,1001
1zdyA,307,./datasets/ATLAS/1zdyA,1001
5w53B,307,./datasets/ATLAS/5w53B,1001
2hyvA,308,./datasets/ATLAS/2hyvA,1001
2o6xA,310,./datasets/ATLAS/2o6xA,1001
1ntyA,311,./datasets/ATLAS/1ntyA,1001
2v05A,311,./datasets/ATLAS/2v05A,1001
1xkgA,312,./datasets/ATLAS/1xkgA,1001
1q8fA,313,./datasets/ATLAS/1q8fA,1001
3hdjB,313,./datasets/ATLAS/3hdjB,1001
1hyeA,313,./datasets/ATLAS/1hyeA,1001
5exeC,314,./datasets/ATLAS/5exeC,1001
3letB,314,./datasets/ATLAS/3letB,1001
1zpeA,314,./datasets/ATLAS/1zpeA,1001
4ehxA,315,./datasets/ATLAS/4ehxA,1001
1qlmA,316,./datasets/ATLAS/1qlmA,1001
5iz3B,316,./datasets/ATLAS/5iz3B,1001
4gvqC,316,./datasets/ATLAS/4gvqC,1001
4z9pA,317,./datasets/ATLAS/4z9pA,1001
2ie6A,318,./datasets/ATLAS/2ie6A,1001
3q0iA,318,./datasets/ATLAS/3q0iA,1001
1nijA,318,./datasets/ATLAS/1nijA,1001
1zxxA,319,./datasets/ATLAS/1zxxA,1001
1ig0B,319,./datasets/ATLAS/1ig0B,1001
4o87A,320,./datasets/ATLAS/4o87A,1001
1ys1X,320,./datasets/ATLAS/1ys1X,1001
3e4wB,320,./datasets/ATLAS/3e4wB,1001
1yoeA,322,./datasets/ATLAS/1yoeA,1001
1r6wA,322,./datasets/ATLAS/1r6wA,1001
2yxnA,322,./datasets/ATLAS/2yxnA,1001
1v9mA,323,./datasets/ATLAS/1v9mA,1001
1tagA,324,./datasets/ATLAS/1tagA,1001
1rm6B,324,./datasets/ATLAS/1rm6B,1001
3aprE,325,./datasets/ATLAS/3aprE,1001
4xb5A,326,./datasets/ATLAS/4xb5A,1001
2q7xA,326,./datasets/ATLAS/2q7xA,1001
1nnsA,326,./datasets/ATLAS/1nnsA,1001
3kefB,326,./datasets/ATLAS/3kefB,1001
1y7tB,327,./datasets/ATLAS/1y7tB,1001
3im1A,328,./datasets/ATLAS/3im1A,1001
5muyB,328,./datasets/ATLAS/5muyB,1001
4epiA,330,./datasets/ATLAS/4epiA,1001
3wwhA,330,./datasets/ATLAS/3wwhA,1001
1mskA,331,./datasets/ATLAS/1mskA,1001
5op0B,331,./datasets/ATLAS/5op0B,1001
2wltA,332,./datasets/ATLAS/2wltA,1001
2ppvA,332,./datasets/ATLAS/2ppvA,1001
3bjdB,332,./datasets/ATLAS/3bjdB,1001
2x49A,333,./datasets/ATLAS/2x49A,1001
3mfdA,334,./datasets/ATLAS/3mfdA,1001
1n7zA,334,./datasets/ATLAS/1n7zA,1001
1wx1B,335,./datasets/ATLAS/1wx1B,1001
1zswA,338,./datasets/ATLAS/1zswA,1001
3dpgB,338,./datasets/ATLAS/3dpgB,1001
4mp8A,339,./datasets/ATLAS/4mp8A,1001
5ce9A,339,./datasets/ATLAS/5ce9A,1001
4xduA,340,./datasets/ATLAS/4xduA,1001
1uxyA,340,./datasets/ATLAS/1uxyA,1001
3lpcA,340,./datasets/ATLAS/3lpcA,1001
2uxyA,341,./datasets/ATLAS/2uxyA,1001
3ezuA,342,./datasets/ATLAS/3ezuA,1001
3gs9A,342,./datasets/ATLAS/3gs9A,1001
2rdiA,342,./datasets/ATLAS/2rdiA,1001
4m37A,343,./datasets/ATLAS/4m37A,1001
1vbiA,344,./datasets/ATLAS/1vbiA,1001
3sfvB,344,./datasets/ATLAS/3sfvB,1001
2bjqA,345,./datasets/ATLAS/2bjqA,1001
1z1lA,345,./datasets/ATLAS/1z1lA,1001
3c2qB,345,./datasets/ATLAS/3c2qB,1001
2oblA,347,./datasets/ATLAS/2oblA,1001
3ib5A,348,./datasets/ATLAS/3ib5A,1001
2cxiB,348,./datasets/ATLAS/2cxiB,1001
1ux6A,350,./datasets/ATLAS/1ux6A,1001
5ukiA,351,./datasets/ATLAS/5ukiA,1001
5ws1A,352,./datasets/ATLAS/5ws1A,1001
3se9G,353,./datasets/ATLAS/3se9G,1001
3tgtA,353,./datasets/ATLAS/3tgtA,1001
4ltyA,354,./datasets/ATLAS/4ltyA,1001
4cdpA,354,./datasets/ATLAS/4cdpA,1001
1xknA,355,./datasets/ATLAS/1xknA,1001
1xszA,356,./datasets/ATLAS/1xszA,1001
1l5oA,356,./datasets/ATLAS/1l5oA,1001
1m15A,357,./datasets/ATLAS/1m15A,1001
1ka1A,357,./datasets/ATLAS/1ka1A,1001
3m5qA,357,./datasets/ATLAS/3m5qA,1001
4gv2A,357,./datasets/ATLAS/4gv2A,1001
3hfwA,357,./datasets/ATLAS/3hfwA,1001
5l0sA,357,./datasets/ATLAS/5l0sA,1001
3bqkA,360,./datasets/ATLAS/3bqkA,1001
3qc5X,360,./datasets/ATLAS/3qc5X,1001
3q1cA,360,./datasets/ATLAS/3q1cA,1001
3oyvA,361,./datasets/ATLAS/3oyvA,1001
1kewA,361,./datasets/ATLAS/1kewA,1001
2ra8A,362,./datasets/ATLAS/2ra8A,1001
1rgzA,363,./datasets/ATLAS/1rgzA,1001
1m7vA,363,./datasets/ATLAS/1m7vA,1001
5g68A,363,./datasets/ATLAS/5g68A,1001
3becA,363,./datasets/ATLAS/3becA,1001
3bptA,363,./datasets/ATLAS/3bptA,1001
2ozlA,365,./datasets/ATLAS/2ozlA,1001
2hgxB,365,./datasets/ATLAS/2hgxB,1001
1fn9A,365,./datasets/ATLAS/1fn9A,1001
1gqeA,365,./datasets/ATLAS/1gqeA,1001
3d1gA,366,./datasets/ATLAS/3d1gA,1001
3eojA,366,./datasets/ATLAS/3eojA,1001
1iuqA,367,./datasets/ATLAS/1iuqA,1001
1jq5A,370,./datasets/ATLAS/1jq5A,1001
4jjaA,371,./datasets/ATLAS/4jjaA,1001
3gqvA,371,./datasets/ATLAS/3gqvA,1001
4rnzA,371,./datasets/ATLAS/4rnzA,1001
5kwbA,371,./datasets/ATLAS/5kwbA,1001
4xpzA,372,./datasets/ATLAS/4xpzA,1001
5j47A,372,./datasets/ATLAS/5j47A,1001
3eqxA,373,./datasets/ATLAS/3eqxA,1001
2jhfB,374,./datasets/ATLAS/2jhfB,1001
3ikwA,374,./datasets/ATLAS/3ikwA,1001
4eziA,377,./datasets/ATLAS/4eziA,1001
1iomA,377,./datasets/ATLAS/1iomA,1001
4xglA,379,./datasets/ATLAS/4xglA,1001
1lj5A,379,./datasets/ATLAS/1lj5A,1001
3m6zA,380,./datasets/ATLAS/3m6zA,1001
2pnwA,380,./datasets/ATLAS/2pnwA,1001
1u6rB,380,./datasets/ATLAS/1u6rB,1001
3m7dA,380,./datasets/ATLAS/3m7dA,1001
1yu0A,381,./datasets/ATLAS/1yu0A,1001
3lduA,385,./datasets/ATLAS/3lduA,1001
1rrmA,386,./datasets/ATLAS/1rrmA,1001
2rijA,387,./datasets/ATLAS/2rijA,1001
1r0kA,388,./datasets/ATLAS/1r0kA,1001
1qxoA,388,./datasets/ATLAS/1qxoA,1001
3wa1A,389,./datasets/ATLAS/3wa1A,1001
4limA,391,./datasets/ATLAS/4limA,1001
5hkxA,392,./datasets/ATLAS/5hkxA,1001
4ghnA,393,./datasets/ATLAS/4ghnA,1001
3h1wA,393,./datasets/ATLAS/3h1wA,1001
1g38A,393,./datasets/ATLAS/1g38A,1001
1svbA,395,./datasets/ATLAS/1svbA,1001
4kk7A,395,./datasets/ATLAS/4kk7A,1001
1io1A,398,./datasets/ATLAS/1io1A,1001
3twzA,399,./datasets/ATLAS/3twzA,1001
3ot9B,399,./datasets/ATLAS/3ot9B,1001
1ru4A,400,./datasets/ATLAS/1ru4A,1001
1dljA,402,./datasets/ATLAS/1dljA,1001
1gpjA,404,./datasets/ATLAS/1gpjA,1001
3h1dA,405,./datasets/ATLAS/3h1dA,1001
4s39A,406,./datasets/ATLAS/4s39A,1001
2au3A,407,./datasets/ATLAS/2au3A,1001
3ll7A,410,./datasets/ATLAS/3ll7A,1001
5n0nA,410,./datasets/ATLAS/5n0nA,1001
5n0sA,410,./datasets/ATLAS/5n0sA,1001
1s9rA,410,./datasets/ATLAS/1s9rA,1001
1lwdB,413,./datasets/ATLAS/1lwdB,1001
3o04A,413,./datasets/ATLAS/3o04A,1001
16pkA,415,./datasets/ATLAS/16pkA,1001
1o75A,415,./datasets/ATLAS/1o75A,1001
4af1A,416,./datasets/ATLAS/4af1A,1001
5ngdB,417,./datasets/ATLAS/5ngdB,1001
3mm6A,418,./datasets/ATLAS/3mm6A,1001
1zjcA,418,./datasets/ATLAS/1zjcA,1001
5erqA,419,./datasets/ATLAS/5erqA,1001
5ertA,419,./datasets/ATLAS/5ertA,1001
5gofA,422,./datasets/ATLAS/5gofA,1001
2e7uA,424,./datasets/ATLAS/2e7uA,1001
3d3yA,425,./datasets/ATLAS/3d3yA,1001
2pa6B,427,./datasets/ATLAS/2pa6B,1001
3msuB,427,./datasets/ATLAS/3msuB,1001
3bznA,431,./datasets/ATLAS/3bznA,1001
1vclA,432,./datasets/ATLAS/1vclA,1001
1f20A,435,./datasets/ATLAS/1f20A,1001
5h2dA,435,./datasets/ATLAS/5h2dA,1001
2yjgA,436,./datasets/ATLAS/2yjgA,1001
1mv8C,436,./datasets/ATLAS/1mv8C,1001
3h5qA,436,./datasets/ATLAS/3h5qA,1001
3zl8A,437,./datasets/ATLAS/3zl8A,1001
3hxwA,441,./datasets/ATLAS/3hxwA,1001
1hbnE,442,./datasets/ATLAS/1hbnE,1001
4k2mA,443,./datasets/ATLAS/4k2mA,1001
4qbuA,444,./datasets/ATLAS/4qbuA,1001
2yclA,445,./datasets/ATLAS/2yclA,1001
3vkwA,446,./datasets/ATLAS/3vkwA,1001
4y93A,446,./datasets/ATLAS/4y93A,1001
2bf6A,449,./datasets/ATLAS/2bf6A,1001
5njcD,450,./datasets/ATLAS/5njcD,1001
2rkvA,451,./datasets/ATLAS/2rkvA,1001
2jlqA,451,./datasets/ATLAS/2jlqA,1001
3lk7A,451,./datasets/ATLAS/3lk7A,1001
4tkxL,452,./datasets/ATLAS/4tkxL,1001
2gwnA,452,./datasets/ATLAS/2gwnA,1001
2cb5A,453,./datasets/ATLAS/2cb5A,1001
3a3dB,453,./datasets/ATLAS/3a3dB,1001
2gg6A,455,./datasets/ATLAS/2gg6A,1001
2vlfB,456,./datasets/ATLAS/2vlfB,1001
1ewfA,456,./datasets/ATLAS/1ewfA,1001
2ex2A,458,./datasets/ATLAS/2ex2A,1001
3bhgA,459,./datasets/ATLAS/3bhgA,1001
5b1qB,459,./datasets/ATLAS/5b1qB,1001
2wyaA,460,./datasets/ATLAS/2wyaA,1001
2pmbC,462,./datasets/ATLAS/2pmbC,1001
1p5gX,463,./datasets/ATLAS/1p5gX,1001
2xz3A,463,./datasets/ATLAS/2xz3A,1001
1vdkB,466,./datasets/ATLAS/1vdkB,1001
3ilwA,470,./datasets/ATLAS/3ilwA,1001
3pt1A,471,./datasets/ATLAS/3pt1A,1001
5muxB,472,./datasets/ATLAS/5muxB,1001
3danA,473,./datasets/ATLAS/3danA,1001
2jh3B,474,./datasets/ATLAS/2jh3B,1001
1tezB,474,./datasets/ATLAS/1tezB,1001
1u09A,476,./datasets/ATLAS/1u09A,1001
4wywA,481,./datasets/ATLAS/4wywA,1001
3ip4A,485,./datasets/ATLAS/3ip4A,1001
1u8vC,490,./datasets/ATLAS/1u8vC,1001
5hz7A,490,./datasets/ATLAS/5hz7A,1001
2incA,491,./datasets/ATLAS/2incA,1001
5txrB,491,./datasets/ATLAS/5txrB,1001
3a2qA,493,./datasets/ATLAS/3a2qA,1001
3b4wA,495,./datasets/ATLAS/3b4wA,1001
4kctB,499,./datasets/ATLAS/4kctB,1001
1eswA,500,./datasets/ATLAS/1eswA,1001
2d5bA,500,./datasets/ATLAS/2d5bA,1001
2qcuB,501,./datasets/ATLAS/2qcuB,1001
3e2dA,502,./datasets/ATLAS/3e2dA,1001
1gweA,503,./datasets/ATLAS/1gweA,1001
4zacD,503,./datasets/ATLAS/4zacD,1001
2yp8A,503,./datasets/ATLAS/2yp8A,1001
3kd4A,506,./datasets/ATLAS/3kd4A,1001
1v0wA,506,./datasets/ATLAS/1v0wA,1001
4za9A,508,./datasets/ATLAS/4za9A,1001
3holA,509,./datasets/ATLAS/3holA,1001
6b1zA,511,./datasets/ATLAS/6b1zA,1001
1o98A,511,./datasets/ATLAS/1o98A,1001
2qp2A,511,./datasets/ATLAS/2qp2A,1001
2ehqA,516,./datasets/ATLAS/2ehqA,1001
1hp1A,516,./datasets/ATLAS/1hp1A,1001
4djaA,518,./datasets/ATLAS/4djaA,1001
4fc2B,521,./datasets/ATLAS/4fc2B,1001
6eofA,522,./datasets/ATLAS/6eofA,1001
4na5A,522,./datasets/ATLAS/4na5A,1001
3jszA,525,./datasets/ATLAS/3jszA,1001
1sx3A,525,./datasets/ATLAS/1sx3A,1001
4mb5A,528,./datasets/ATLAS/4mb5A,1001
5h7wB,529,./datasets/ATLAS/5h7wB,1001
1wuiL,534,./datasets/ATLAS/1wuiL,1001
1llfB,534,./datasets/ATLAS/1llfB,1001
3ni2A,536,./datasets/ATLAS/3ni2A,1001
3djlA,541,./datasets/ATLAS/3djlA,1001
3do6A,543,./datasets/ATLAS/3do6A,1001
2dkaA,544,./datasets/ATLAS/2dkaA,1001
3crvA,551,./datasets/ATLAS/3crvA,1001
1gntA,553,./datasets/ATLAS/1gntA,1001
1uwkB,557,./datasets/ATLAS/1uwkB,1001
3igzB,561,./datasets/ATLAS/3igzB,1001
4ubpC,570,./datasets/ATLAS/4ubpC,1001
2b7rA,571,./datasets/ATLAS/2b7rA,1001
2ad6A,571,./datasets/ATLAS/2ad6A,1001
1fehA,574,./datasets/ATLAS/1fehA,1001
2py5A,575,./datasets/ATLAS/2py5A,1001
6ao8A,580,./datasets/ATLAS/6ao8A,1001
2hhvA,580,./datasets/ATLAS/2hhvA,1001
1xwlA,580,./datasets/ATLAS/1xwlA,1001
5oriA,583,./datasets/ATLAS/5oriA,1001
5oswA,583,./datasets/ATLAS/5oswA,1001
1f5nA,592,./datasets/ATLAS/1f5nA,1001
1g7sA,594,./datasets/ATLAS/1g7sA,1001
4d71A,596,./datasets/ATLAS/4d71A,1001
2x96A,598,./datasets/ATLAS/2x96A,1001
1o0sA,605,./datasets/ATLAS/1o0sA,1001
1ikpA,613,./datasets/ATLAS/1ikpA,1001
1b25D,619,./datasets/ATLAS/1b25D,1001
4yalA,622,./datasets/ATLAS/4yalA,1001
3g06A,622,./datasets/ATLAS/3g06A,1001
1g9gA,629,./datasets/ATLAS/1g9gA,1001
3l84A,632,./datasets/ATLAS/3l84A,1001
5j72A,638,./datasets/ATLAS/5j72A,1001
4cjnA,642,./datasets/ATLAS/4cjnA,1001
1jnrC,643,./datasets/ATLAS/1jnrC,1001
4z3xA,653,./datasets/ATLAS/4z3xA,1001
3wkxA,669,./datasets/ATLAS/3wkxA,1001
3ju4A,670,./datasets/ATLAS/3ju4A,1001
5jbgA,680,./datasets/ATLAS/5jbgA,1001
2xf2A,688,./datasets/ATLAS/2xf2A,1001
3wolA,698,./datasets/ATLAS/3wolA,1001
5ltjA,714,./datasets/ATLAS/5ltjA,1001
5m45K,717,./datasets/ATLAS/5m45K,1001
2e7zA,727,./datasets/ATLAS/2e7zA,1001
1oaoC,729,./datasets/ATLAS/1oaoC,1001
2b0tA,738,./datasets/ATLAS/2b0tA,1001
5ul3A,744,./datasets/ATLAS/5ul3A,1001
3eh1A,751,./datasets/ATLAS/3eh1A,1001
1c96A,753,./datasets/ATLAS/1c96A,1001
1h16A,759,./datasets/ATLAS/1h16A,1001
3vthA,761,./datasets/ATLAS/3vthA,1001
3p5pA,764,./datasets/ATLAS/3p5pA,1001
4oj6C,776,./datasets/ATLAS/4oj6C,1001
4ys0A,824,./datasets/ATLAS/4ys0A,1001
3pzwA,839,./datasets/ATLAS/3pzwA,1001
4h9mA,840,./datasets/ATLAS/4h9mA,1001
2qmjA,870,./datasets/ATLAS/2qmjA,1001
4v4eM,875,./datasets/ATLAS/4v4eM,1001
5kdwB,885,./datasets/ATLAS/5kdwB,1001
2b3yA,888,./datasets/ATLAS/2b3yA,1001
3ebhA,889,./datasets/ATLAS/3ebhA,1001
5kdvA,891,./datasets/ATLAS/5kdvA,1001
2vccA,891,./datasets/ATLAS/2vccA,1001
3nciA,903,./datasets/ATLAS/3nciA,1001
3l4pA,907,./datasets/ATLAS/3l4pA,1001
1vlbA,907,./datasets/ATLAS/1vlbA,1001
1tg7A,971,./datasets/ATLAS/1tg7A,1001
1gteD,1025,./datasets/ATLAS/1gteD,1001
4aygB,1039,./datasets/ATLAS/4aygB,1001
6j33B,1053,./datasets/ATLAS/6j33B,1001
2po4A,1104,./datasets/ATLAS/2po4A,1001
5vz0A,1144,./datasets/ATLAS/5vz0A,1001
6qfkA,1357,./datasets/ATLAS/6qfkA,1001
6supA,2128,./datasets/ATLAS/6supA,1001

